SENSOR, SENSOR, SENSOR, EDM, IFM, AAA
1.0011424, 20.001513, 0.15640203, 0.0, 0.0, 0.0
2.0003704, 20.068856, 0.89727228, 0.0, 0.0, 4.0
3.0061841, 122.56176, 3.6580874, 0.0, 0.0, 6.0
